-- SEED DATA: Chinese High School Knowledge Graph
-- Run this in Supabase SQL Editor after schema.sql
-- This generates the knowledge graph framework

-- ========================================
-- 高一 数学 (必修一)
-- ========================================
INSERT INTO subjects (id, name, grade, display_order) VALUES
  ('a0000001-0001-4000-8000-000000000001', '数学', '高一', 1),
  ('a0000001-0001-4000-8000-000000000002', '语文', '高一', 2),
  ('a0000001-0001-4000-8000-000000000003', '英语', '高一', 3),
  ('a0000001-0001-4000-8000-000000000004', '物理', '高一', 4),
  ('a0000001-0001-4000-8000-000000000005', '化学', '高一', 5),
  ('b0000001-0001-4000-8000-000000000001', '数学', '高二', 1),
  ('b0000001-0001-4000-8000-000000000002', '语文', '高二', 2),
  ('b0000001-0001-4000-8000-000000000003', '英语', '高二', 3),
  ('b0000001-0001-4000-8000-000000000004', '物理', '高二', 4),
  ('b0000001-0001-4000-8000-000000000005', '化学', '高二', 5),
  ('c0000001-0001-4000-8000-000000000001', '数学', '高三', 1),
  ('c0000001-0001-4000-8000-000000000002', '语文', '高三', 2),
  ('c0000001-0001-4000-8000-000000000003', '英语', '高三', 3),
  ('c0000001-0001-4000-8000-000000000004', '物理', '高三', 4),
  ('c0000001-0001-4000-8000-000000000005', '化学', '高三', 5);

-- ========================================
-- 高一 数学 章节与知识点
-- ========================================

-- Chapter 1: 集合与常用逻辑用语
INSERT INTO chapters (id, subject_id, title, display_order) VALUES
  ('ch0101-0001-4000-8000-000000000001', 'a0000001-0001-4000-8000-000000000001', '第一章 集合与常用逻辑用语', 1);

INSERT INTO knowledge_points (id, chapter_id, title, tag, description, display_order) VALUES
  ('kp010101-0001-4000-8000-0000000001', 'ch0101-0001-4000-8000-000000000001', '集合的含义与表示', 'required', '集合的概念、元素与集合的关系、集合的表示法（列举法、描述法）', 1),
  ('kp010101-0001-4000-8000-0000000002', 'ch0101-0001-4000-8000-000000000001', '集合间的基本关系', 'required', '子集、真子集、集合相等、空集', 2),
  ('kp010101-0001-4000-8000-0000000003', 'ch0101-0001-4000-8000-000000000001', '集合的基本运算', 'required', '并集、交集、补集、全集', 3),
  ('kp010101-0001-4000-8000-0000000004', 'ch0101-0001-4000-8000-000000000001', '充分条件与必要条件', 'common', '充分条件、必要条件、充要条件的判断', 4),
  ('kp010101-0001-4000-8000-0000000005', 'ch0101-0001-4000-8000-000000000001', '全称量词与存在量词', 'difficult', '全称量词命题与存在量词命题的否定', 5);

-- Chapter 2: 一元二次函数、方程和不等式
INSERT INTO chapters (id, subject_id, title, display_order) VALUES
  ('ch0102-0001-4000-8000-000000000001', 'a0000001-0001-4000-8000-000000000001', '第二章 一元二次函数、方程和不等式', 2);

INSERT INTO knowledge_points (id, chapter_id, title, tag, description, display_order) VALUES
  ('kp010201-0001-4000-8000-0000000001', 'ch0102-0001-4000-8000-000000000001', '等式性质与不等式性质', 'required', '等式的基本性质、不等式的基本性质及其推论', 1),
  ('kp010201-0001-4000-8000-0000000002', 'ch0102-0001-4000-8000-000000000001', '基本不等式', 'required', '基本不等式（均值不等式）及其应用，最值问题', 2),
  ('kp010201-0001-4000-8000-0000000003', 'ch0102-0001-4000-8000-000000000001', '二次函数与一元二次方程', 'required', '二次函数的图像与性质、判别式、韦达定理', 3),
  ('kp010201-0001-4000-8000-0000000004', 'ch0102-0001-4000-8000-000000000001', '一元二次不等式', 'common', '一元二次不等式的解法（图像法、区间法）', 4),
  ('kp010201-0001-4000-8000-0000000005', 'ch0102-0001-4000-8000-000000000001', '分式不等式与高次不等式', 'difficult', '分式不等式化为整式不等式、穿根法', 5);

-- Chapter 3: 函数的概念与性质
INSERT INTO chapters (id, subject_id, title, display_order) VALUES
  ('ch0103-0001-4000-8000-000000000001', 'a0000001-0001-4000-8000-000000000001', '第三章 函数的概念与性质', 3);

INSERT INTO knowledge_points (id, chapter_id, title, tag, description, display_order) VALUES
  ('kp010301-0001-4000-8000-0000000001', 'ch0103-0001-4000-8000-000000000001', '函数的概念', 'required', '函数的定义、定义域、值域、函数相等', 1),
  ('kp010301-0001-4000-8000-0000000002', 'ch0103-0001-4000-8000-000000000001', '函数的表示法', 'required', '解析法、列表法、图像法、分段函数', 2),
  ('kp010301-0001-4000-8000-0000000003', 'ch0103-0001-4000-8000-000000000001', '函数的单调性', 'required', '增函数、减函数的定义与判断、单调区间', 3),
  ('kp010301-0001-4000-8000-0000000004', 'ch0103-0001-4000-8000-000000000001', '函数的最值', 'common', '最大值、最小值的概念与求法', 4),
  ('kp010301-0001-4000-8000-0000000005', 'ch0103-0001-4000-8000-000000000001', '函数的奇偶性', 'required', '奇函数、偶函数的定义与判定、图像特征', 5),
  ('kp010301-0001-4000-8000-0000000006', 'ch0103-0001-4000-8000-000000000001', '幂函数', 'common', '幂函数的概念、图像与性质', 6);

-- Chapter 4: 指数函数与对数函数
INSERT INTO chapters (id, subject_id, title, display_order) VALUES
  ('ch0104-0001-4000-8000-000000000001', 'a0000001-0001-4000-8000-000000000001', '第四章 指数函数与对数函数', 4);

INSERT INTO knowledge_points (id, chapter_id, title, tag, description, display_order) VALUES
  ('kp010401-0001-4000-8000-0000000001', 'ch0104-0001-4000-8000-000000000001', '指数与指数幂的运算', 'required', '根式、分数指数幂、指数运算性质', 1),
  ('kp010401-0001-4000-8000-0000000002', 'ch0104-0001-4000-8000-000000000001', '指数函数及其性质', 'required', '指数函数的图像、定义域、值域、单调性', 2),
  ('kp010401-0001-4000-8000-0000000003', 'ch0104-0001-4000-8000-000000000001', '对数与对数运算', 'required', '对数的概念、对数恒等式、换底公式', 3),
  ('kp010401-0001-4000-8000-0000000004', 'ch0104-0001-4000-8000-000000000001', '对数函数及其性质', 'required', '对数函数的图像、定义域、值域、单调性', 4),
  ('kp010401-0001-4000-8000-0000000005', 'ch0104-0001-4000-8000-000000000001', '指数函数与对数函数的关系', 'common', '反函数的概念、指数与对数的互化', 5),
  ('kp010401-0001-4000-8000-0000000006', 'ch0104-0001-4000-8000-000000000001', '函数的应用', 'difficult', '函数模型的实际应用问题（增长率、衰减等）', 6);

-- Chapter 5: 三角函数
INSERT INTO chapters (id, subject_id, title, display_order) VALUES
  ('ch0105-0001-4000-8000-000000000001', 'a0000001-0001-4000-8000-000000000001', '第五章 三角函数', 5);

INSERT INTO knowledge_points (id, chapter_id, title, tag, description, display_order) VALUES
  ('kp010501-0001-4000-8000-0000000001', 'ch0105-0001-4000-8000-000000000001', '任意角和弧度制', 'required', '正角、负角、零角、弧度制及其与角度的换算', 1),
  ('kp010501-0001-4000-8000-0000000002', 'ch0105-0001-4000-8000-000000000001', '任意角的三角函数', 'required', '正弦、余弦、正切的定义、单位圆、三角函数线', 2),
  ('kp010501-0001-4000-8000-0000000003', 'ch0105-0001-4000-8000-000000000001', '同角三角函数的基本关系', 'required', '平方关系、商数关系', 3),
  ('kp010501-0001-4000-8000-0000000004', 'ch0105-0001-4000-8000-000000000001', '三角函数的诱导公式', 'common', '诱导公式及应用', 4),
  ('kp010501-0001-4000-8000-0000000005', 'ch0105-0001-4000-8000-000000000001', '三角函数的图像与性质', 'required', '正弦曲线、余弦曲线、周期性、最值', 5),
  ('kp010501-0001-4000-8000-0000000006', 'ch0105-0001-4000-8000-000000000001', '函数y=Asin(ωx+φ)的图像', 'difficult', '振幅变换、周期变换、平移变换', 6),
  ('kp010501-0001-4000-8000-0000000007', 'ch0105-0001-4000-8000-000000000001', '三角函数的应用', 'common', '简谐运动、交流电等实际应用', 7);

-- ========================================
-- More grades and subjects can be added later
-- ========================================
